,above_pov,age_0_to_3,age_13_to_15,age_16_to_17,age_4_to_5,age_6_to_8,age_9_to_12,all_children,asian,below_pov,black,categoryid,categoryname,categorysortorder,categorysortordername,children_from_central_america,children_from_east_asia,children_from_europe,children_from_mexico,children_from_middle_east,children_from_south_america,children_from_southeast_asia,children_imm_parents,children_liwf_imm_prts,children_liwf_native_prts,children_native_parents,children_prts_from_africa,children_unknown_parents,cit_children_cit_parents,citizen_children_noncit_parents,citizen_prt,data_sort_id,entry_id,fb_children_imm_parents,hasfamdis,hasprtvets,hasvehic,hcb_any,high_income,hispanic,imm_children,low_income,metrocode,nat_children,natamer,nb_children_nb_parents,nofamdis,noncit_children_noncit_parents,noncitizen_prt,noprtvets,not_hcb,novehic,number,othmult,prtus5pyrs,prtuslt5yrs,second_gener,share,statecode,statid,statistics_label,statistics_label_short,white,year_end,year_start
0,157000,45000,31000,20000,21000,31000,39000,186000,13000,26000,-97,1,Child Characteristics,101,Population totals,-97,7000,7000,-97,-97,-97,-97,26000,9000,35000,155000,-97,5000,175000,-97,176000,4495,215,-97,24000,27000,168000,73000,123000,17000,-97,60000,NULL,182000,32000,154000,162000,-97,-97,159000,113000,18000,1,25000,178000,-97,23000,0,AK,1,Population total,Population total,93000,2015,2014
1,813000,227000,194000,129000,122000,186000,248000,1107000,12000,286000,332000,1,Child Characteristics,101,Population totals,15000,7000,6000,37000,-97,-97,-97,80000,47000,317000,1003000,-97,24000,1042000,32000,1044000,1927,1,9000,190000,94000,1059000,375000,558000,74000,11000,541000,NULL,1095000,4000,1000000,917000,7000,39000,1012000,732000,48000,1,39000,1077000,-97,71000,0,AL,1,Population total,Population total,645000,2015,2014
2,525000,147000,116000,83000,82000,122000,157000,707000,13000,178000,131000,1,Child Characteristics,101,Population totals,12000,9000,-97,45000,-97,-97,-97,81000,51000,219000,605000,-97,21000,641000,36000,642000,9631,643,10000,126000,62000,678000,227000,330000,81000,13000,373000,NULL,694000,-97,604000,581000,-97,45000,645000,480000,29000,1,27000,678000,-97,71000,0,AR,1,Population total,Population total,451000,2015,2014
3,1238000,335000,277000,181000,182000,282000,364000,1621000,46000,362000,71000,1,Child Characteristics,101,Population totals,17000,25000,32000,313000,26000,8000,13000,450000,239000,345000,1123000,16000,48000,1368000,164000,1375000,7063,429,47000,228000,129000,1554000,607000,831000,704000,54000,769000,NULL,1567000,81000,1119000,1392000,34000,197000,1492000,1014000,67000,1,67000,1536000,37000,403000,0,AZ,1,Population total,Population total,652000,2015,2014
4,7188000,1986000,1512000,1041000,1002000,1553000,2033000,9127000,1030000,1834000,463000,1,Child Characteristics,101,Population totals,383000,601000,265000,2448000,325000,88000,249000,4446000,2002000,1018000,4482000,86000,199000,7034000,1556000,7086000,12199,857,417000,1191000,435000,8730000,4583000,5036000,4744000,458000,3986000,NULL,8669000,28000,4465000,7935000,286000,1842000,8691000,4544000,397000,1,480000,8654000,274000,4028000,0,CA,1,Population total,Population total,2383000,2015,2014
5,1059000,263000,218000,130000,137000,217000,288000,1252000,36000,177000,54000,1,Child Characteristics,101,Population totals,16000,14000,34000,159000,14000,9000,12000,278000,130000,201000,953000,19000,22000,1101000,105000,1105000,14767,1071,29000,137000,117000,1220000,450000,806000,391000,38000,430000,NULL,1215000,7000,946000,1116000,21000,126000,1135000,802000,32000,1,59000,1211000,19000,249000,0,CO,1,Population total,Population total,706000,2015,2014
6,666000,148000,141000,97000,77000,123000,182000,768000,33000,97000,87000,1,Child Characteristics,101,Population totals,21000,16000,44000,12000,23000,33000,5000,187000,51000,97000,565000,33000,16000,687000,43000,689000,17335,1285,28000,78000,40000,717000,348000,540000,173000,33000,222000,NULL,735000,-97,562000,690000,19000,63000,727000,419000,50000,1,35000,732000,20000,159000,0,CT,1,Population total,Population total,439000,2015,2014
7,88000,35000,17000,10000,15000,19000,20000,116000,-97,27000,67000,1,Child Characteristics,101,Population totals,9000,-97,6000,-97,-97,-97,-97,28000,9000,20000,85000,6000,3000,100000,8000,101000,22471,1713,-97,19000,-97,84000,49000,64000,17000,6000,51000,NULL,111000,-98,84000,97000,-97,12000,112000,67000,32000,1,4000,109000,-97,23000,0,DC,1,Population total,Population total,25000,2015,2014
8,166000,43000,34000,23000,23000,33000,47000,204000,8000,36000,50000,1,Child Characteristics,101,Population totals,-97,-97,-97,10000,6000,-97,-97,35000,14000,39000,166000,7000,-97,184000,14000,184000,19903,1499,-97,27000,18000,193000,72000,128000,30000,6000,75000,NULL,198000,-97,165000,177000,-97,17000,186000,132000,12000,1,12000,197000,-97,30000,0,DE,1,Population total,Population total,103000,2015,2014
9,3154000,857000,708000,470000,450000,681000,911000,4077000,100000,885000,824000,1,Child Characteristics,101,Population totals,380000,52000,119000,174000,61000,237000,30000,1330000,610000,849000,2650000,277000,97000,3519000,306000,3551000,25039,1927,196000,540000,338000,3870000,1860000,2091000,1208000,215000,1947000,NULL,3862000,7000,2640000,3537000,123000,429000,3739000,2217000,207000,1,176000,3839000,141000,1134000,0,FL,1,Population total,Population total,1762000,2015,2014
10,1874000,519000,434000,280000,273000,431000,559000,2496000,89000,602000,837000,1,Child Characteristics,101,Population totals,62000,34000,44000,192000,44000,27000,24000,512000,252000,625000,1929000,85000,55000,2192000,202000,2200000,27607,2141,56000,340000,217000,2349000,969000,1290000,344000,66000,1186000,NULL,2430000,-97,1922000,2156000,39000,241000,2279000,1527000,147000,1,100000,2400000,40000,456000,0,GA,1,Population total,Population total,1123000,2015,2014
11,264000,73000,47000,33000,35000,50000,72000,310000,109000,41000,-97,1,Child Characteristics,101,Population totals,-97,68000,6000,-97,-97,-97,-97,89000,21000,46000,212000,-97,9000,278000,13000,281000,30175,2355,12000,56000,38000,298000,136000,212000,53000,14000,93000,NULL,296000,-97,211000,254000,7000,19000,272000,174000,11000,1,99000,292000,8000,77000,0,HI,1,Population total,Population total,43000,2015,2014
12,618000,154000,122000,80000,77000,129000,163000,725000,16000,101000,34000,1,Child Characteristics,101,Population totals,7000,-97,9000,28000,-97,-97,10000,74000,30000,169000,638000,-97,13000,683000,20000,686000,40447,3211,9000,75000,52000,698000,195000,462000,68000,14000,257000,NULL,711000,-97,635000,649000,-97,26000,673000,529000,27000,1,28000,701000,11000,65000,0,IA,1,Population total,Population total,577000,2015,2014
13,359000,86000,71000,48000,49000,78000,100000,431000,-97,69000,-97,1,Child Characteristics,101,Population totals,-97,-97,7000,36000,-97,-97,-97,56000,31000,125000,369000,-97,7000,400000,19000,401000,32743,2569,7000,61000,31000,424000,137000,238000,78000,8000,191000,NULL,423000,4000,369000,371000,-97,24000,400000,295000,7000,1,16000,421000,-97,49000,0,ID,1,Population total,Population total,325000,2015,2014
14,2389000,614000,514000,342000,325000,500000,673000,2968000,135000,555000,456000,1,Child Characteristics,101,Population totals,31000,66000,112000,406000,96000,19000,11000,778000,337000,490000,2140000,36000,50000,2603000,259000,2609000,35311,2783,74000,325000,158000,2779000,1187000,1809000,725000,87000,1135000,NULL,2881000,-97,2130000,2643000,50000,309000,2810000,1781000,189000,1,112000,2863000,55000,705000,0,IL,1,Population total,Population total,1538000,2015,2014
15,1247000,331000,284000,176000,171000,265000,354000,1580000,32000,316000,170000,1,Child Characteristics,101,Population totals,18000,14000,13000,71000,17000,-97,7000,155000,79000,436000,1392000,11000,34000,1475000,55000,1478000,37879,2997,19000,220000,109000,1488000,481000,878000,167000,27000,685000,NULL,1554000,-97,1386000,1360000,14000,69000,1472000,1099000,92000,1,69000,1531000,15000,136000,0,IN,1,Population total,Population total,1141000,2015,2014
16,603000,155000,121000,79000,80000,126000,159000,721000,18000,114000,45000,1,Child Characteristics,101,Population totals,9000,6000,6000,59000,7000,-97,10000,111000,56000,165000,595000,9000,16000,655000,40000,656000,43015,3425,14000,95000,58000,703000,217000,435000,130000,18000,283000,NULL,704000,4000,592000,626000,10000,49000,663000,504000,19000,1,40000,694000,12000,97000,0,KS,1,Population total,Population total,483000,2015,2014
17,766000,217000,175000,114000,111000,171000,224000,1012000,14000,235000,87000,1,Child Characteristics,101,Population totals,8000,7000,10000,24000,8000,-97,-97,74000,36000,277000,909000,11000,28000,946000,24000,949000,45583,3639,14000,189000,85000,960000,310000,532000,56000,18000,469000,NULL,993000,-97,906000,823000,11000,35000,926000,701000,52000,1,49000,973000,11000,60000,0,KY,1,Population total,Population total,804000,2015,2014
18,814000,241000,184000,121000,131000,193000,246000,1115000,17000,292000,417000,1,Child Characteristics,101,Population totals,19000,6000,7000,18000,7000,-97,10000,76000,35000,347000,1016000,-97,23000,1060000,23000,1060000,48151,3853,10000,175000,90000,1039000,398000,562000,66000,13000,544000,NULL,1102000,5000,1014000,939000,8000,31000,1025000,717000,76000,1,37000,1081000,11000,66000,0,LA,1,Population total,Population total,573000,2015,2014
19,1187000,289000,243000,171000,147000,229000,307000,1386000,87000,191000,106000,1,Child Characteristics,101,Population totals,70000,40000,89000,7000,43000,49000,22000,385000,112000,140000,977000,66000,24000,1239000,86000,1246000,55855,4495,50000,172000,69000,1282000,558000,985000,236000,61000,393000,NULL,1325000,-97,969000,1214000,30000,116000,1317000,828000,104000,1,74000,1317000,44000,335000,0,MA,1,Population total,Population total,881000,2015,2014
20,1171000,285000,228000,152000,153000,229000,299000,1347000,78000,162000,415000,1,Child Characteristics,101,Population totals,92000,42000,37000,21000,45000,27000,10000,365000,113000,169000,955000,93000,26000,1180000,98000,1187000,53287,4281,53000,161000,117000,1256000,554000,943000,183000,62000,390000,NULL,1285000,-97,949000,1186000,35000,133000,1229000,793000,90000,1,80000,1283000,38000,312000,0,MD,1,Population total,Population total,588000,2015,2014
21,215000,50000,45000,32000,25000,44000,60000,256000,-97,38000,7000,1,Child Characteristics,101,Population totals,-97,-97,6000,-97,-97,-97,-97,16000,5000,60000,234000,-97,6000,247000,-97,247000,50719,4067,-97,42000,26000,244000,95000,158000,6000,-97,95000,NULL,253000,-97,234000,214000,-97,-97,230000,161000,12000,1,11000,247000,-97,14000,0,ME,1,Population total,Population total,229000,2015,2014
22,1744000,455000,401000,266000,229000,368000,492000,2212000,64000,445000,349000,1,Child Characteristics,101,Population totals,9000,28000,54000,55000,95000,10000,10000,278000,103000,545000,1887000,18000,47000,2078000,57000,2082000,58423,4709,39000,336000,150000,2091000,732000,1266000,177000,51000,924000,NULL,2161000,11000,1879000,1876000,26000,83000,2062000,1480000,121000,1,117000,2130000,35000,239000,0,MI,1,Population total,Population total,1494000,2015,2014
23,1118000,278000,206000,147000,142000,220000,285000,1278000,74000,147000,105000,1,Child Characteristics,101,Population totals,12000,16000,28000,43000,20000,-97,45000,231000,90000,196000,1028000,61000,20000,1176000,54000,1183000,60991,4923,35000,132000,81000,1227000,384000,889000,107000,45000,376000,NULL,1233000,14000,1020000,1146000,21000,75000,1197000,895000,51000,1,68000,1229000,29000,195000,0,MN,1,Population total,Population total,909000,2015,2014
24,1114000,297000,239000,161000,147000,235000,311000,1390000,26000,261000,186000,1,Child Characteristics,101,Population totals,9000,12000,16000,26000,14000,-97,6000,101000,37000,373000,1256000,15000,34000,1321000,26000,1323000,66127,5351,12000,210000,112000,1324000,432000,806000,87000,19000,568000,NULL,1371000,-97,1249000,1180000,6000,33000,1278000,958000,66000,1,69000,1344000,12000,89000,0,MO,1,Population total,Population total,1018000,2015,2014
25,506000,149000,130000,80000,83000,129000,159000,731000,5000,218000,317000,1,Child Characteristics,101,Population totals,-97,-97,-97,13000,-97,-97,-97,29000,15000,259000,682000,-97,19000,700000,8000,700000,63559,5137,-97,141000,52000,694000,265000,323000,28000,-97,401000,NULL,725000,3000,681000,590000,-97,11000,679000,465000,37000,1,18000,708000,-97,25000,0,MS,1,Population total,Population total,359000,2015,2014
26,181000,49000,38000,23000,25000,39000,51000,225000,-97,41000,-97,1,Child Characteristics,101,Population totals,-97,-97,5000,-97,-97,-97,-97,9000,-97,63000,212000,-97,4000,220000,-97,220000,68695,5565,-97,30000,22000,218000,72000,133000,13000,-97,90000,NULL,223000,24000,211000,195000,-97,-97,203000,152000,7000,1,8000,220000,-97,8000,0,MT,1,Population total,Population total,178000,2015,2014
27,1753000,472000,411000,250000,251000,390000,514000,2288000,62000,519000,531000,1,Child Characteristics,101,Population totals,67000,23000,35000,185000,32000,21000,18000,417000,240000,582000,1823000,37000,48000,2017000,184000,2023000,86671,7063,46000,335000,206000,2189000,831000,1169000,349000,57000,1103000,NULL,2231000,25000,1815000,1952000,32000,217000,2082000,1456000,99000,1,104000,2207000,33000,371000,0,NC,1,Population total,Population total,1216000,2015,2014
28,148000,43000,24000,18000,20000,29000,36000,170000,-97,20000,-97,1,Child Characteristics,101,Population totals,-97,-97,-97,-97,-97,-97,-97,12000,-97,29000,155000,-97,-97,164000,-97,164000,89239,7277,-97,17000,15000,166000,35000,120000,8000,-97,48000,NULL,167000,14000,154000,152000,-97,-97,155000,135000,-97,1,7000,163000,-97,10000,0,ND,1,Population total,Population total,135000,2015,2014
29,399000,104000,75000,49000,54000,80000,108000,469000,10000,68000,28000,1,Child Characteristics,101,Population totals,9000,-97,-97,33000,-97,-97,-97,64000,37000,101000,396000,-97,9000,432000,22000,433000,71263,5779,8000,49000,40000,456000,133000,295000,77000,10000,171000,NULL,459000,6000,394000,421000,-97,27000,429000,336000,13000,1,19000,452000,8000,56000,0,NE,1,Population total,Population total,329000,2015,2014
30,237000,51000,47000,37000,27000,41000,62000,266000,8000,26000,-97,1,Child Characteristics,101,Population totals,-97,-97,6000,-97,-97,-97,-97,28000,-97,42000,235000,-97,-97,255000,-97,256000,76399,6207,-97,37000,25000,256000,103000,196000,15000,6000,68000,NULL,259000,-97,233000,228000,-97,7000,240000,162000,9000,1,11000,259000,-97,24000,0,NH,1,Population total,Population total,228000,2015,2014
31,1700000,417000,350000,236000,216000,334000,451000,2004000,187000,291000,267000,1,Child Characteristics,101,Population totals,141000,83000,99000,81000,129000,104000,9000,736000,243000,207000,1236000,91000,32000,1715000,185000,1728000,78967,6421,95000,217000,72000,1820000,1017000,1362000,509000,104000,628000,NULL,1901000,-97,1230000,1787000,59000,245000,1933000,987000,184000,1,78000,1903000,69000,641000,0,NJ,1,Population total,Population total,961000,2015,2014
32,356000,110000,85000,54000,55000,82000,112000,498000,-97,139000,-97,1,Child Characteristics,101,Population totals,-97,-97,-97,87000,-97,-97,-97,107000,61000,141000,378000,-97,13000,437000,40000,438000,81535,6635,11000,77000,43000,485000,174000,226000,296000,13000,268000,NULL,485000,51000,378000,421000,8000,47000,456000,324000,14000,1,13000,479000,-97,96000,0,NM,1,Population total,Population total,124000,2015,2014
33,531000,138000,114000,73000,77000,116000,147000,665000,40000,128000,59000,1,Child Characteristics,101,Population totals,29000,32000,12000,146000,6000,7000,5000,248000,121000,119000,402000,10000,15000,546000,87000,550000,73831,5993,22000,104000,49000,630000,266000,347000,270000,24000,311000,NULL,641000,5000,401000,561000,14000,100000,616000,399000,35000,1,46000,635000,15000,226000,0,NV,1,Population total,Population total,244000,2015,2014
34,3293000,927000,705000,482000,472000,693000,931000,4211000,312000,869000,649000,1,Child Characteristics,101,Population totals,306000,168000,225000,133000,190000,200000,20000,1515000,597000,592000,2605000,272000,91000,3598000,378000,3628000,84103,6849,196000,539000,161000,3216000,2042000,2457000,1013000,220000,1705000,NULL,3991000,9000,2593000,3672000,114000,492000,4050000,2169000,995000,1,178000,3967000,154000,1319000,0,NY,1,Population total,Population total,2050000,2015,2014
35,2059000,542000,463000,307000,278000,440000,598000,2629000,50000,541000,374000,1,Child Characteristics,101,Population totals,12000,21000,35000,27000,45000,8000,8000,191000,68000,686000,2383000,36000,54000,2509000,39000,2512000,91807,7491,31000,389000,195000,2454000,871000,1503000,146000,43000,1097000,NULL,2586000,-97,2373000,2240000,23000,62000,2433000,1757000,175000,1,142000,2542000,32000,160000,0,OH,1,Population total,Population total,1913000,2015,2014
36,753000,207000,157000,104000,110000,161000,214000,955000,18000,193000,72000,1,Child Characteristics,101,Population totals,11000,9000,7000,76000,-97,-97,9000,124000,72000,262000,803000,-97,28000,864000,50000,865000,94375,7705,16000,164000,93000,920000,299000,503000,154000,19000,444000,NULL,936000,82000,801000,791000,12000,62000,861000,656000,34000,1,111000,917000,9000,108000,0,OK,1,Population total,Population total,518000,2015,2014
37,696000,179000,145000,99000,93000,147000,197000,860000,35000,157000,17000,1,Child Characteristics,101,Population totals,6000,23000,25000,106000,10000,-97,12000,191000,99000,175000,648000,7000,21000,750000,74000,752000,96943,7919,18000,136000,67000,828000,361000,488000,188000,24000,364000,NULL,836000,9000,643000,724000,12000,87000,793000,498000,32000,1,58000,826000,13000,173000,0,OR,1,Population total,Population total,554000,2015,2014
38,2201000,567000,482000,316000,284000,445000,594000,2688000,90000,457000,337000,1,Child Characteristics,101,Population totals,43000,38000,56000,31000,49000,24000,14000,312000,108000,568000,2323000,58000,52000,2534000,70000,2540000,99511,8133,42000,413000,185000,2434000,967000,1669000,294000,57000,989000,NULL,2630000,-97,2311000,2275000,26000,95000,2503000,1720000,254000,1,122000,2598000,37000,270000,0,PA,1,Population total,Population total,1841000,2015,2014
39,173000,43000,36000,25000,23000,36000,50000,211000,7000,38000,15000,1,Child Characteristics,101,Population totals,22000,-97,12000,-97,-97,-97,-97,54000,24000,33000,153000,-97,4000,188000,14000,189000,102079,8347,6000,33000,12000,199000,95000,129000,49000,8000,82000,NULL,203000,-97,152000,179000,-97,18000,199000,117000,13000,1,11000,203000,-97,48000,0,RI,1,Population total,Population total,127000,2015,2014
40,816000,223000,190000,124000,125000,187000,237000,1085000,15000,258000,334000,1,Child Characteristics,101,Population totals,11000,10000,16000,43000,8000,7000,-97,106000,56000,322000,952000,9000,26000,1007000,40000,1009000,104647,8561,13000,170000,103000,1023000,371000,548000,91000,17000,526000,NULL,1068000,-97,950000,915000,9000,49000,981000,714000,61000,1,47000,1048000,11000,93000,0,SC,1,Population total,Population total,595000,2015,2014
41,175000,48000,33000,21000,24000,35000,48000,210000,-97,32000,-97,1,Child Characteristics,101,Population totals,-97,-97,-97,-97,-97,-97,-97,13000,-97,51000,190000,-97,7000,199000,-97,200000,107215,8775,-97,27000,19000,203000,54000,132000,11000,-97,75000,NULL,206000,24000,189000,182000,-97,-97,191000,155000,7000,1,13000,201000,-97,11000,0,SD,1,Population total,Population total,154000,2015,2014
42,1123000,318000,259000,170000,162000,254000,329000,1493000,24000,358000,286000,1,Child Characteristics,101,Population totals,23000,12000,16000,68000,16000,-97,7000,166000,94000,420000,1295000,18000,33000,1373000,66000,1376000,109783,8989,24000,256000,132000,1432000,539000,761000,130000,29000,720000,NULL,1464000,-97,1291000,1237000,18000,84000,1361000,954000,62000,1,63000,1444000,16000,142000,0,TN,1,Population total,Population total,987000,2015,2014
43,5506000,1539000,1216000,774000,810000,1233000,1585000,7156000,275000,1595000,831000,1,Child Characteristics,101,Population totals,233000,105000,91000,1605000,149000,59000,77000,2432000,1288000,1351000,4572000,113000,152000,5805000,955000,5840000,112351,9203,280000,952000,551000,6897000,2692000,3759000,3519000,307000,3341000,NULL,6848000,14000,4558000,6204000,209000,1164000,6605000,4463000,259000,1,199000,6788000,216000,2151000,0,TX,1,Population total,Population total,2318000,2015,2014
44,58479000,15610000,12597000,8330000,8089000,12464000,16426000,73517000,3514000,14344000,10010000,1,Child Characteristics,101,Population totals,2264000,1773000,1782000,7191000,1660000,1066000,773000,18164000,8088000,14534000,53793000,1656000,1560000,64431000,5810000,64711000,114919,9417,2126000,10078000,5311000,69040000,28867000,42106000,17988000,2475000,30717000,NULL,71042000,551000,53566000,63439000,1435000,7245000,68206000,44650000,4477000,1,3531000,70360000,1597000,16039000,0,US,1,Population total,Population total,37923000,2015,2014
45,786000,201000,147000,96000,99000,159000,206000,908000,23000,113000,11000,1,Child Characteristics,101,Population totals,13000,13000,15000,80000,-97,15000,7000,153000,78000,191000,743000,-97,13000,830000,54000,832000,117487,9631,13000,108000,51000,892000,293000,574000,155000,17000,324000,NULL,892000,8000,741000,800000,10000,64000,858000,615000,17000,1,35000,885000,10000,139000,0,UT,1,Population total,Population total,677000,2015,2014
46,1591000,401000,319000,205000,210000,315000,420000,1869000,115000,265000,375000,1,Child Characteristics,101,Population totals,92000,51000,44000,34000,74000,37000,23000,415000,121000,322000,1419000,60000,35000,1677000,106000,1685000,122623,10059,63000,237000,251000,1786000,701000,1244000,239000,74000,612000,NULL,1794000,-97,1411000,1631000,43000,149000,1617000,1168000,83000,1,119000,1785000,49000,352000,0,VA,1,Population total,Population total,1018000,2015,2014
47,104000,25000,22000,15000,11000,20000,27000,120000,-97,14000,-97,1,Child Characteristics,101,Population totals,-97,-97,-97,-97,-97,-97,-97,7000,-97,24000,110000,-97,-97,115000,-97,115000,120055,9845,-97,18000,11000,116000,45000,81000,-97,-97,37000,NULL,118000,-97,109000,102000,-97,-97,109000,75000,-97,1,-97,117000,-97,6000,0,VT,1,Population total,Population total,108000,2015,2014
48,1352000,352000,264000,180000,180000,279000,351000,1606000,117000,235000,58000,1,Child Characteristics,101,Population totals,18000,68000,78000,172000,35000,9000,32000,438000,175000,247000,1135000,26000,34000,1395000,136000,1399000,125191,10273,51000,227000,160000,1558000,640000,1008000,333000,62000,579000,NULL,1544000,20000,1128000,1379000,37000,173000,1447000,966000,48000,1,150000,1532000,40000,387000,0,WA,1,Population total,Population total,927000,2015,2014
49,1093000,267000,229000,148000,138000,218000,292000,1292000,42000,189000,105000,1,Child Characteristics,101,Population totals,-97,9000,17000,62000,13000,-97,20000,138000,66000,293000,1134000,7000,21000,1217000,42000,1219000,130327,10701,16000,157000,91000,1238000,431000,814000,147000,25000,468000,NULL,1268000,12000,1127000,1135000,11000,53000,1202000,861000,55000,1,59000,1260000,11000,121000,0,WI,1,Population total,Population total,928000,2015,2014
50,292000,81000,66000,44000,42000,62000,86000,381000,-97,86000,16000,1,Child Characteristics,101,Population totals,-97,-97,-97,-97,-97,-97,-97,9000,-97,115000,362000,-97,10000,369000,-97,369000,127759,10487,-97,77000,33000,362000,97000,199000,8000,-97,179000,NULL,379000,-97,362000,304000,-97,-97,348000,284000,20000,1,15000,371000,-97,7000,0,WV,1,Population total,Population total,340000,2015,2014
51,121000,29000,23000,14000,16000,24000,31000,138000,-97,16000,-97,1,Child Characteristics,101,Population totals,-97,-97,-97,-97,-97,-97,-97,10000,-97,30000,125000,-97,-97,130000,-97,130000,132895,10915,-97,18000,16000,137000,38000,94000,20000,-97,43000,NULL,137000,3000,125000,120000,-97,-97,123000,100000,-97,1,6000,134000,-97,9000,0,WY,1,Population total,Population total,107000,2015,2014
0,161000,43000,28000,18000,22000,34000,42000,187000,14000,25000,-97,1,Child Characteristics,101,Population totals,-97,10000,-97,-97,-97,-97,-97,27000,-97,38000,154000,-97,6000,177000,-97,178000,4709,215,-97,31000,29000,166000,70000,124000,17000,-97,62000,NULL,183000,33000,153000,156000,-97,-97,158000,117000,21000,1,24000,179000,-97,25000,0,AK,1,Population total,Population total,93000,2016,2015
1,831000,227000,187000,133000,120000,186000,249000,1103000,13000,264000,330000,1,Child Characteristics,101,Population totals,15000,7000,6000,40000,7000,-97,-97,88000,48000,313000,989000,-97,26000,1037000,32000,1038000,2141,1,8000,185000,95000,1060000,339000,582000,78000,12000,513000,NULL,1091000,-97,986000,918000,-97,38000,1008000,764000,43000,1,38000,1069000,7000,79000,0,AL,1,Population total,Population total,640000,2016,2015
2,534000,149000,117000,79000,78000,122000,161000,706000,12000,166000,128000,1,Child Characteristics,101,Population totals,14000,9000,-97,42000,-97,-97,-97,77000,47000,218000,608000,-97,21000,643000,35000,643000,9845,643,8000,126000,58000,677000,215000,339000,83000,12000,361000,NULL,695000,5000,606000,580000,-97,42000,649000,492000,29000,1,30000,677000,-97,69000,0,AR,1,Population total,Population total,448000,2016,2015
3,1250000,341000,271000,184000,176000,279000,374000,1624000,44000,354000,73000,1,Child Characteristics,101,Population totals,20000,26000,30000,315000,27000,8000,12000,457000,242000,336000,1127000,18000,41000,1380000,166000,1387000,7277,429,43000,241000,131000,1562000,599000,853000,710000,50000,751000,NULL,1574000,81000,1123000,1384000,31000,197000,1493000,1025000,63000,1,69000,1542000,41000,413000,0,AZ,1,Population total,Population total,647000,2016,2015
4,7293000,1970000,1519000,1029000,1017000,1513000,2049000,9098000,1037000,1698000,457000,1,Child Characteristics,101,Population totals,395000,610000,267000,2421000,343000,86000,242000,4453000,1947000,988000,4448000,88000,198000,7018000,1549000,7066000,12413,857,419000,1189000,430000,8737000,4452000,5164000,4731000,457000,3828000,NULL,8641000,24000,4432000,7909000,286000,1835000,8669000,4647000,362000,1,494000,8594000,307000,4034000,0,CA,1,Population total,Population total,2356000,2016,2015
5,1084000,264000,217000,134000,134000,219000,291000,1259000,39000,161000,56000,1,Child Characteristics,101,Population totals,17000,18000,33000,158000,15000,10000,12000,283000,137000,190000,955000,19000,21000,1106000,106000,1109000,14981,1071,30000,145000,119000,1232000,452000,831000,393000,40000,415000,NULL,1219000,5000,947000,1113000,22000,129000,1140000,806000,27000,1,56000,1214000,24000,253000,0,CO,1,Population total,Population total,710000,2016,2015
6,660000,146000,139000,95000,76000,122000,178000,755000,35000,91000,85000,1,Child Characteristics,101,Population totals,23000,14000,43000,14000,26000,34000,5000,195000,51000,85000,547000,35000,14000,675000,44000,678000,17549,1285,28000,74000,38000,705000,323000,544000,175000,33000,206000,NULL,722000,-97,544000,681000,19000,64000,717000,432000,51000,1,33000,718000,23000,166000,0,CT,1,Population total,Population total,426000,2016,2015
7,89000,36000,17000,10000,16000,19000,21000,119000,-97,29000,67000,1,Child Characteristics,101,Population totals,9000,-97,5000,-97,-97,-97,-97,27000,7000,20000,90000,5000,-97,106000,7000,107000,22685,1713,-97,19000,-97,84000,50000,67000,19000,-97,51000,NULL,115000,-98,89000,100000,-97,10000,116000,69000,35000,1,5000,113000,-97,23000,0,DC,1,Population total,Population total,26000,2016,2015
8,170000,43000,35000,23000,22000,34000,47000,204000,8000,33000,51000,1,Child Characteristics,101,Population totals,-97,-97,-97,11000,6000,-97,-97,42000,16000,36000,159000,8000,-97,182000,16000,183000,20117,1499,-97,28000,15000,195000,74000,133000,31000,-97,70000,NULL,199000,-97,159000,176000,-97,19000,189000,131000,9000,1,12000,196000,-97,38000,0,DE,1,Population total,Population total,102000,2016,2015
9,3245000,876000,701000,479000,446000,680000,939000,4122000,104000,839000,825000,1,Child Characteristics,101,Population totals,394000,55000,118000,173000,66000,241000,27000,1368000,610000,830000,2653000,293000,101000,3554000,311000,3582000,25253,1927,200000,557000,339000,3925000,1829000,2180000,1243000,220000,1903000,NULL,3903000,6000,2644000,3566000,128000,439000,3783000,2293000,197000,1,185000,3854000,167000,1167000,0,FL,1,Population total,Population total,1760000,2016,2015
10,1938000,517000,435000,285000,267000,430000,572000,2507000,90000,544000,837000,1,Child Characteristics,101,Population totals,68000,36000,41000,183000,51000,29000,19000,508000,241000,613000,1940000,82000,58000,2208000,193000,2214000,27821,2141,59000,359000,220000,2378000,918000,1347000,353000,68000,1136000,NULL,2439000,-97,1934000,2148000,42000,235000,2287000,1589000,129000,1,110000,2399000,49000,450000,0,GA,1,Population total,Population total,1112000,2016,2015
11,271000,75000,48000,31000,34000,49000,71000,309000,107000,35000,-97,1,Child Characteristics,101,Population totals,-97,68000,6000,-97,-97,-97,-97,91000,25000,41000,210000,-97,8000,277000,14000,280000,30389,2355,13000,52000,37000,301000,129000,218000,55000,14000,88000,NULL,295000,-97,209000,258000,7000,21000,272000,181000,8000,1,100000,291000,10000,79000,0,HI,1,Population total,Population total,43000,2016,2015
12,626000,155000,122000,78000,79000,124000,166000,724000,17000,92000,30000,1,Child Characteristics,101,Population totals,9000,7000,8000,26000,-97,-97,9000,73000,34000,159000,640000,9000,11000,684000,20000,686000,40661,3211,10000,74000,52000,700000,185000,476000,69000,13000,243000,NULL,712000,-97,638000,650000,-97,27000,672000,539000,24000,1,30000,703000,10000,63000,0,IA,1,Population total,Population total,576000,2016,2015
13,366000,88000,70000,49000,47000,81000,98000,434000,-97,66000,-97,1,Child Characteristics,101,Population totals,-97,-97,8000,34000,-97,-97,-97,54000,30000,128000,373000,-97,7000,402000,21000,403000,32957,2569,-97,64000,33000,428000,125000,242000,78000,6000,190000,NULL,428000,5000,372000,370000,-97,24000,401000,309000,6000,1,16000,422000,-97,50000,0,ID,1,Population total,Population total,327000,2016,2015
14,2414000,610000,503000,342000,320000,492000,671000,2938000,134000,502000,447000,1,Child Characteristics,101,Population totals,28000,66000,114000,400000,90000,21000,14000,772000,326000,498000,2116000,40000,50000,2571000,260000,2578000,35525,2783,74000,327000,151000,2771000,1126000,1818000,721000,88000,1097000,NULL,2850000,-97,2105000,2611000,50000,310000,2787000,1812000,167000,1,116000,2827000,62000,698000,0,IL,1,Population total,Population total,1517000,2016,2015
15,1266000,333000,277000,178000,166000,267000,358000,1577000,33000,297000,170000,1,Child Characteristics,101,Population totals,16000,15000,18000,77000,17000,-97,10000,169000,82000,427000,1375000,12000,33000,1469000,59000,1471000,38093,2997,18000,221000,105000,1488000,453000,899000,168000,25000,663000,NULL,1552000,-97,1370000,1356000,13000,73000,1472000,1124000,89000,1,73000,1527000,18000,151000,0,IN,1,Population total,Population total,1131000,2016,2015
16,613000,154000,120000,80000,80000,127000,155000,716000,18000,99000,45000,1,Child Characteristics,101,Population totals,9000,7000,8000,62000,8000,-97,9000,113000,56000,161000,591000,7000,12000,653000,41000,654000,43229,3425,13000,91000,61000,697000,200000,446000,130000,15000,266000,NULL,701000,4000,589000,626000,9000,50000,656000,517000,19000,1,42000,693000,11000,101000,0,KS,1,Population total,Population total,479000,2016,2015
17,762000,216000,173000,118000,106000,174000,223000,1010000,15000,238000,92000,1,Child Characteristics,101,Population totals,9000,6000,12000,22000,9000,-97,-97,77000,39000,279000,902000,13000,31000,945000,22000,947000,45797,3639,13000,193000,80000,960000,305000,533000,59000,17000,468000,NULL,994000,-97,900000,817000,10000,32000,930000,705000,50000,1,44000,968000,12000,64000,0,KY,1,Population total,Population total,799000,2016,2015
18,805000,242000,184000,124000,124000,186000,256000,1116000,16000,294000,415000,1,Child Characteristics,101,Population totals,22000,6000,8000,21000,6000,-97,9000,81000,38000,331000,1009000,-97,26000,1055000,24000,1056000,48365,3853,13000,182000,84000,1045000,388000,568000,69000,15000,531000,NULL,1101000,6000,1008000,934000,10000,34000,1032000,728000,71000,1,39000,1076000,14000,68000,0,LA,1,Population total,Population total,571000,2016,2015
19,1192000,286000,237000,173000,147000,224000,314000,1382000,90000,180000,110000,1,Child Characteristics,101,Population totals,71000,40000,90000,9000,43000,49000,23000,395000,110000,129000,960000,70000,27000,1228000,88000,1234000,56069,4495,53000,172000,68000,1281000,536000,998000,242000,62000,374000,NULL,1320000,-97,953000,1210000,33000,121000,1314000,845000,100000,1,72000,1306000,48000,342000,0,MA,1,Population total,Population total,864000,2016,2015
20,1175000,287000,229000,152000,153000,229000,298000,1346000,77000,156000,411000,1,Child Characteristics,101,Population totals,101000,39000,36000,19000,46000,26000,11000,372000,105000,161000,947000,94000,27000,1173000,103000,1180000,53501,4281,55000,168000,115000,1258000,531000,960000,191000,64000,372000,NULL,1282000,-97,941000,1179000,36000,139000,1231000,816000,89000,1,87000,1279000,40000,317000,0,MD,1,Population total,Population total,579000,2016,2015
21,214000,51000,45000,31000,28000,45000,55000,255000,-97,37000,8000,1,Child Characteristics,101,Population totals,-97,-97,7000,-97,-97,-97,-97,19000,6000,56000,231000,-97,5000,245000,-97,245000,50933,4067,-97,40000,21000,245000,85000,163000,6000,-97,88000,NULL,251000,-97,230000,214000,-97,-97,234000,169000,9000,1,10000,246000,-97,16000,0,ME,1,Population total,Population total,226000,2016,2015
22,1744000,456000,389000,267000,225000,362000,496000,2196000,63000,429000,345000,1,Child Characteristics,101,Population totals,11000,27000,56000,55000,97000,-97,10000,281000,108000,523000,1867000,17000,48000,2063000,56000,2067000,58637,4709,37000,341000,143000,2078000,693000,1280000,179000,48000,893000,NULL,2148000,10000,1859000,1855000,25000,81000,2053000,1503000,118000,1,119000,2109000,39000,243000,0,MI,1,Population total,Population total,1478000,2016,2015
23,1127000,277000,211000,142000,140000,221000,292000,1282000,75000,143000,108000,1,Child Characteristics,101,Population totals,10000,15000,25000,43000,20000,7000,48000,233000,92000,194000,1028000,66000,21000,1188000,49000,1194000,61205,4923,33000,133000,83000,1239000,366000,897000,109000,44000,372000,NULL,1239000,17000,1021000,1149000,19000,68000,1199000,916000,43000,1,70000,1235000,26000,200000,0,MN,1,Population total,Population total,903000,2016,2015
24,1129000,295000,239000,163000,147000,231000,313000,1388000,27000,245000,183000,1,Child Characteristics,101,Population totals,9000,12000,19000,28000,15000,-97,7000,110000,43000,380000,1246000,15000,33000,1316000,29000,1318000,66341,5351,14000,212000,112000,1324000,412000,811000,89000,19000,563000,NULL,1369000,5000,1241000,1177000,9000,38000,1277000,976000,64000,1,69000,1340000,16000,96000,0,MO,1,Population total,Population total,1015000,2016,2015
25,514000,147000,123000,83000,78000,131000,164000,726000,7000,207000,314000,1,Child Characteristics,101,Population totals,-97,-97,-97,13000,-97,-97,-97,31000,17000,249000,677000,-97,18000,695000,10000,696000,63773,5137,-97,129000,51000,692000,240000,337000,31000,5000,384000,NULL,721000,4000,676000,596000,-97,12000,675000,486000,34000,1,15000,705000,-97,27000,0,MS,1,Population total,Population total,356000,2016,2015
26,190000,47000,39000,24000,27000,37000,53000,227000,-97,36000,-97,1,Child Characteristics,101,Population totals,-97,-97,-97,-97,-97,-97,-97,8000,-97,65000,214000,-97,5000,221000,-97,222000,68909,5565,-97,35000,24000,220000,65000,137000,13000,-97,88000,NULL,226000,23000,213000,192000,-97,-97,204000,162000,7000,1,11000,221000,-97,7000,0,MT,1,Population total,Population total,178000,2016,2015
27,1773000,476000,404000,260000,239000,389000,523000,2290000,65000,499000,525000,1,Child Characteristics,101,Population totals,66000,22000,37000,179000,39000,22000,19000,420000,229000,545000,1818000,36000,52000,2028000,174000,2032000,86885,7063,45000,346000,205000,2203000,782000,1226000,355000,55000,1047000,NULL,2236000,24000,1811000,1944000,32000,206000,2085000,1508000,87000,1,109000,2200000,38000,376000,0,NC,1,Population total,Population total,1212000,2016,2015
28,152000,44000,26000,17000,20000,29000,36000,173000,-97,18000,-97,1,Child Characteristics,101,Population totals,-97,-97,-97,-97,-97,-97,-97,11000,-97,30000,157000,-97,4000,165000,-97,165000,89453,7277,-97,19000,18000,169000,39000,123000,9000,-97,48000,NULL,171000,15000,157000,154000,-97,-97,155000,134000,4000,1,8000,167000,-97,10000,0,ND,1,Population total,Population total,136000,2016,2015
29,400000,104000,78000,49000,51000,83000,107000,471000,11000,64000,27000,1,Child Characteristics,101,Population totals,8000,-97,-97,35000,-97,-97,-97,67000,37000,96000,393000,-97,10000,430000,23000,431000,71477,5779,9000,53000,38000,455000,130000,299000,80000,12000,165000,NULL,459000,5000,392000,417000,7000,30000,433000,341000,16000,1,18000,451000,10000,58000,0,NE,1,Population total,Population total,330000,2016,2015
30,242000,51000,45000,35000,27000,42000,62000,262000,8000,19000,-97,1,Child Characteristics,101,Population totals,-97,-97,8000,-97,-97,-97,-97,28000,7000,36000,230000,-97,4000,250000,-97,251000,76613,6207,-97,38000,24000,255000,90000,203000,15000,7000,57000,NULL,255000,-97,228000,224000,-97,7000,238000,172000,7000,1,10000,253000,-97,24000,0,NH,1,Population total,Population total,225000,2016,2015
31,1707000,415000,346000,232000,217000,331000,449000,1990000,185000,267000,260000,1,Child Characteristics,101,Population totals,153000,81000,101000,77000,134000,107000,7000,752000,238000,212000,1207000,93000,30000,1694000,191000,1705000,79181,6421,97000,212000,73000,1810000,975000,1365000,518000,108000,609000,NULL,1882000,-97,1201000,1777000,64000,255000,1916000,1015000,180000,1,84000,1879000,80000,655000,0,NJ,1,Population total,Population total,940000,2016,2015
32,353000,104000,84000,56000,54000,84000,111000,493000,-97,136000,-97,1,Child Characteristics,101,Population totals,-97,-97,8000,84000,-97,-97,-97,108000,61000,138000,374000,-97,11000,438000,35000,440000,81749,6635,11000,80000,40000,478000,173000,226000,295000,11000,264000,NULL,481000,50000,373000,413000,7000,42000,453000,320000,15000,1,13000,474000,8000,97000,0,NM,1,Population total,Population total,122000,2016,2015
33,545000,141000,116000,74000,76000,113000,151000,672000,42000,120000,62000,1,Child Characteristics,101,Population totals,28000,33000,14000,146000,7000,7000,5000,251000,123000,112000,403000,11000,18000,548000,89000,552000,74045,5993,21000,96000,47000,640000,262000,363000,275000,23000,302000,NULL,649000,6000,403000,576000,13000,103000,625000,411000,33000,1,46000,638000,16000,230000,0,NV,1,Population total,Population total,243000,2016,2015
34,3307000,930000,695000,485000,463000,686000,930000,4188000,318000,831000,641000,1,Child Characteristics,101,Population totals,319000,174000,221000,138000,197000,192000,20000,1539000,606000,572000,2557000,279000,92000,3563000,385000,3590000,84317,6849,205000,547000,162000,3210000,1959000,2489000,1022000,229000,1649000,NULL,3960000,8000,2544000,3641000,122000,506000,4026000,2229000,979000,1,181000,3931000,165000,1334000,0,NY,1,Population total,Population total,2017000,2016,2015
35,2079000,547000,455000,314000,274000,431000,594000,2615000,50000,506000,374000,1,Child Characteristics,101,Population totals,12000,22000,37000,24000,42000,9000,9000,196000,67000,662000,2369000,42000,49000,2502000,39000,2506000,92021,7491,29000,388000,199000,2449000,820000,1536000,149000,40000,1049000,NULL,2574000,-97,2359000,2227000,20000,60000,2415000,1795000,166000,1,146000,2534000,31000,168000,0,OH,1,Population total,Population total,1892000,2016,2015
36,753000,209000,162000,103000,110000,161000,215000,961000,18000,201000,70000,1,Child Characteristics,101,Population totals,10000,7000,7000,79000,-97,-97,10000,126000,72000,263000,810000,-97,25000,873000,52000,874000,94589,7705,14000,160000,93000,928000,290000,511000,158000,16000,443000,NULL,944000,81000,808000,801000,10000,62000,868000,671000,33000,1,117000,926000,10000,112000,0,OK,1,Population total,Population total,517000,2016,2015
37,713000,180000,142000,103000,95000,146000,198000,863000,35000,142000,17000,1,Child Characteristics,101,Population totals,8000,22000,26000,102000,11000,-97,11000,189000,93000,169000,654000,6000,20000,757000,73000,759000,97157,7919,16000,136000,70000,833000,341000,514000,189000,21000,341000,NULL,842000,9000,651000,727000,11000,84000,793000,522000,30000,1,58000,831000,12000,173000,0,OR,1,Population total,Population total,555000,2016,2015
38,2202000,565000,469000,317000,285000,440000,600000,2676000,90000,448000,334000,1,Child Characteristics,101,Population totals,47000,37000,59000,29000,51000,21000,16000,325000,121000,561000,2293000,65000,58000,2515000,66000,2522000,99725,8133,49000,417000,176000,2419000,940000,1671000,304000,63000,979000,NULL,2613000,-97,2282000,2259000,30000,95000,2499000,1735000,256000,1,128000,2572000,46000,276000,0,PA,1,Population total,Population total,1817000,2016,2015
39,175000,43000,35000,25000,24000,32000,51000,210000,7000,34000,14000,1,Child Characteristics,101,Population totals,20000,-97,12000,-97,-97,-97,-97,55000,21000,30000,151000,6000,4000,188000,12000,190000,102293,8347,7000,32000,11000,197000,84000,133000,51000,9000,76000,NULL,201000,-97,150000,178000,-97,16000,199000,126000,13000,1,14000,201000,-97,47000,0,RI,1,Population total,Population total,124000,2016,2015
40,848000,229000,189000,125000,118000,183000,250000,1094000,17000,236000,332000,1,Child Characteristics,101,Population totals,16000,11000,18000,40000,7000,7000,-97,112000,56000,319000,956000,8000,25000,1015000,41000,1016000,104861,8561,15000,182000,103000,1044000,354000,577000,95000,18000,506000,NULL,1076000,-97,954000,912000,12000,52000,991000,740000,50000,1,49000,1057000,12000,97000,0,SC,1,Population total,Population total,598000,2016,2015
41,178000,47000,34000,21000,26000,37000,47000,212000,-97,31000,-97,1,Child Characteristics,101,Population totals,-97,-97,-97,-97,-97,-97,-97,12000,-97,53000,193000,-97,6000,202000,-97,202000,107429,8775,-97,25000,21000,206000,56000,132000,12000,-97,78000,NULL,207000,25000,192000,186000,-97,-97,191000,156000,5000,1,13000,204000,-97,10000,0,SD,1,Population total,Population total,153000,2016,2015
42,1152000,320000,263000,171000,159000,252000,332000,1498000,27000,331000,285000,1,Child Characteristics,101,Population totals,21000,12000,19000,73000,18000,-97,8000,174000,92000,415000,1289000,18000,34000,1374000,69000,1376000,109997,8989,24000,250000,131000,1437000,500000,794000,135000,30000,689000,NULL,1468000,-97,1285000,1247000,19000,88000,1367000,998000,61000,1,63000,1443000,20000,150000,0,TN,1,Population total,Population total,985000,2016,2015
43,5654000,1574000,1215000,789000,801000,1238000,1627000,7245000,291000,1529000,834000,1,Child Characteristics,101,Population totals,238000,108000,97000,1589000,162000,55000,80000,2457000,1265000,1369000,4635000,127000,152000,5903000,947000,5935000,112565,9203,284000,972000,539000,7006000,2692000,3876000,3572000,309000,3307000,NULL,6936000,15000,4623000,6273000,210000,1157000,6706000,4552000,239000,1,210000,6849000,243000,2173000,0,TX,1,Population total,Population total,2323000,2016,2015
44,59301000,15677000,12478000,8392000,8003000,12385000,16611000,73547000,3567000,13533000,9957000,1,Child Characteristics,101,Population totals,2351000,1811000,1820000,7135000,1744000,1066000,770000,18434000,7995000,14226000,53545000,1735000,1567000,64463000,5805000,64727000,115133,9417,2144000,10169000,5253000,69289000,27801000,43096000,18197000,2478000,29738000,NULL,71069000,551000,53332000,63378000,1448000,7253000,68294000,45746000,4258000,1,3637000,70194000,1785000,16290000,0,US,1,Population total,Population total,37638000,2016,2015
45,803000,202000,147000,97000,99000,162000,210000,916000,24000,104000,11000,1,Child Characteristics,101,Population totals,15000,12000,18000,72000,-97,15000,-97,148000,71000,189000,754000,-97,15000,840000,53000,841000,117701,9631,10000,107000,48000,899000,281000,596000,158000,13000,311000,NULL,903000,7000,752000,809000,7000,61000,869000,635000,18000,1,35000,892000,10000,138000,0,UT,1,Population total,Population total,681000,2016,2015
46,1593000,402000,313000,211000,205000,314000,421000,1867000,116000,258000,368000,1,Child Characteristics,101,Population totals,92000,56000,46000,32000,75000,42000,22000,423000,122000,304000,1407000,57000,37000,1684000,102000,1691000,122837,10059,56000,234000,249000,1780000,679000,1263000,243000,67000,589000,NULL,1800000,-97,1400000,1633000,37000,139000,1619000,1188000,87000,1,127000,1784000,46000,367000,0,VA,1,Population total,Population total,1010000,2016,2015
47,107000,24000,23000,15000,12000,20000,26000,119000,-97,11000,-97,1,Child Characteristics,101,Population totals,-98,-97,-97,-97,-97,-97,-97,8000,-97,21000,109000,-97,-97,116000,-97,116000,120269,9845,-97,16000,11000,116000,43000,85000,-97,-97,33000,NULL,117000,-97,109000,103000,-97,-97,108000,76000,-97,1,-97,116000,-97,7000,0,VT,1,Population total,Population total,106000,2016,2015
48,1388000,356000,263000,181000,178000,291000,350000,1618000,118000,214000,61000,1,Child Characteristics,101,Population totals,18000,75000,78000,177000,39000,11000,31000,460000,172000,251000,1126000,31000,33000,1401000,139000,1408000,125405,10273,56000,226000,165000,1576000,625000,1038000,339000,64000,564000,NULL,1555000,22000,1120000,1392000,39000,178000,1454000,994000,42000,1,151000,1537000,48000,404000,0,WA,1,Population total,Population total,928000,2016,2015
49,1101000,267000,214000,149000,141000,215000,298000,1285000,43000,171000,105000,1,Child Characteristics,101,Population totals,-97,10000,19000,62000,17000,-97,20000,146000,62000,281000,1119000,10000,20000,1207000,42000,1211000,130541,10701,19000,146000,86000,1235000,391000,836000,148000,27000,436000,NULL,1258000,12000,1113000,1139000,12000,54000,1199000,894000,50000,1,58000,1248000,16000,126000,0,WI,1,Population total,Population total,919000,2016,2015
50,288000,83000,63000,45000,39000,63000,85000,378000,-97,88000,15000,1,Child Characteristics,101,Population totals,-97,-97,-97,-97,-97,-97,-97,10000,-97,120000,359000,-97,9000,366000,-97,367000,127973,10487,-97,78000,31000,360000,100000,196000,9000,-97,180000,NULL,376000,-97,359000,300000,-97,-97,347000,278000,18000,1,16000,368000,-97,8000,0,WV,1,Population total,Population total,336000,2016,2015
51,124000,31000,23000,14000,16000,24000,33000,140000,-97,14000,-97,1,Child Characteristics,101,Population totals,-97,-97,-97,-97,-97,-97,-97,11000,-97,29000,126000,-97,-97,131000,-97,131000,133109,10915,-97,20000,17000,138000,37000,97000,19000,-97,41000,NULL,138000,4000,125000,120000,-97,-97,123000,103000,-97,1,6000,136000,-97,10000,0,WY,1,Population total,Population total,108000,2016,2015
0,162000,41000,30000,17000,21000,33000,44000,187000,13000,22000,-97,1,Child Characteristics,101,Population totals,-97,9000,-97,-97,-97,-97,-97,25000,-97,35000,156000,-97,6000,176000,-97,177000,4923,2,-97,37000,28000,167000,67000,126000,17000,-97,57000,NULL,183000,33000,156000,150000,-97,-97,159000,120000,20000,1,28000,178000,-97,22000,0,AK,1,Population total,Population total,92000,2017,2016
1,836000,229000,186000,131000,117000,180000,252000,1095000,14000,249000,326000,1,Child Characteristics,101,Population totals,14000,9000,7000,39000,7000,-97,-97,91000,44000,314000,976000,6000,29000,1022000,37000,1023000,2355,1,10000,178000,95000,1056000,305000,581000,79000,14000,505000,NULL,1081000,4000,973000,917000,6000,43000,1000000,790000,39000,1,37000,1058000,8000,81000,0,AL,1,Population total,Population total,634000,2017,2016
2,550000,148000,121000,78000,79000,120000,161000,707000,13000,149000,126000,1,Child Characteristics,101,Population totals,12000,7000,-97,44000,-97,-97,-97,77000,44000,218000,612000,-97,18000,650000,34000,650000,10059,4,6000,130000,57000,679000,194000,351000,87000,9000,348000,NULL,698000,-97,610000,577000,-97,39000,651000,513000,28000,1,31000,681000,8000,71000,0,AR,1,Population total,Population total,446000,2017,2016
3,1276000,343000,271000,185000,175000,267000,388000,1630000,46000,331000,71000,1,Child Characteristics,101,Population totals,22000,26000,34000,317000,29000,8000,11000,468000,243000,321000,1120000,21000,42000,1383000,168000,1389000,7491,3,46000,245000,137000,1570000,582000,875000,719000,52000,731000,NULL,1578000,79000,1117000,1385000,31000,199000,1493000,1048000,60000,1,75000,1546000,42000,422000,0,AZ,1,Population total,Population total,641000,2017,2016
4,7396000,1947000,1527000,1027000,1005000,1482000,2081000,9069000,1038000,1568000,447000,1,Child Characteristics,101,Population totals,390000,608000,274000,2322000,354000,91000,237000,4360000,1799000,989000,4510000,83000,199000,7064000,1482000,7112000,12627,5,407000,1196000,426000,8749000,4330000,5347000,4720000,445000,3616000,NULL,8624000,26000,4494000,7874000,276000,1758000,8643000,4739000,321000,1,512000,8543000,327000,3953000,0,CA,1,Population total,Population total,2326000,2017,2016
5,1099000,265000,216000,141000,135000,210000,293000,1259000,40000,149000,53000,1,Child Characteristics,101,Population totals,11000,19000,32000,161000,16000,11000,13000,284000,129000,181000,949000,21000,26000,1108000,102000,1111000,15195,6,31000,151000,114000,1231000,455000,851000,393000,41000,397000,NULL,1218000,6000,942000,1108000,21000,123000,1145000,805000,28000,1,56000,1206000,28000,254000,0,CO,1,Population total,Population total,711000,2017,2016
6,653000,143000,140000,92000,75000,118000,177000,745000,33000,87000,82000,1,Child Characteristics,101,Population totals,25000,14000,41000,17000,24000,34000,-97,197000,53000,89000,536000,37000,12000,667000,43000,670000,17763,7,29000,77000,38000,700000,313000,531000,178000,33000,209000,NULL,712000,-97,533000,668000,20000,63000,708000,432000,45000,1,37000,709000,25000,169000,0,CT,1,Population total,Population total,414000,2017,2016
7,89000,35000,16000,10000,17000,21000,23000,122000,-97,31000,67000,1,Child Characteristics,101,Population totals,-97,-97,5000,-97,-97,-97,-97,29000,9000,20000,90000,6000,-97,108000,8000,108000,22899,9,-97,21000,-97,87000,50000,69000,20000,-97,52000,NULL,117000,-97,89000,101000,-97,11000,117000,72000,35000,1,7000,116000,-97,25000,0,DC,1,Population total,Population total,27000,2017,2016
8,170000,43000,38000,24000,22000,33000,46000,204000,8000,32000,51000,1,Child Characteristics,101,Population totals,-97,-97,-97,12000,-97,-97,-97,44000,18000,33000,156000,9000,-97,181000,16000,181000,20331,8,-97,26000,15000,196000,68000,133000,32000,-97,69000,NULL,199000,-97,155000,179000,-97,19000,189000,136000,8000,1,11000,194000,-97,40000,0,DE,1,Population total,Population total,101000,2017,2016
9,3339000,890000,701000,493000,442000,684000,961000,4171000,108000,795000,817000,1,Child Characteristics,101,Population totals,401000,58000,122000,164000,64000,264000,26000,1401000,594000,836000,2672000,303000,98000,3594000,309000,3622000,25467,10,216000,573000,338000,3982000,1806000,2268000,1285000,237000,1866000,NULL,3934000,7000,2662000,3597000,142000,451000,3832000,2365000,189000,1,201000,3872000,201000,1185000,0,FL,1,Population total,Population total,1753000,2017,2016
10,1979000,516000,444000,285000,263000,422000,583000,2512000,90000,509000,835000,1,Child Characteristics,101,Population totals,71000,37000,45000,180000,53000,32000,19000,519000,238000,608000,1934000,82000,59000,2217000,189000,2224000,28035,11,57000,353000,214000,2400000,881000,1380000,361000,67000,1108000,NULL,2445000,-97,1928000,2159000,40000,229000,2298000,1631000,112000,1,119000,2399000,55000,462000,0,GA,1,Population total,Population total,1103000,2017,2016
11,268000,72000,46000,32000,36000,51000,69000,306000,108000,33000,-97,1,Child Characteristics,101,Population totals,-97,71000,7000,-97,-97,-97,-97,92000,23000,38000,205000,-97,9000,272000,15000,274000,30603,12,12000,51000,33000,299000,126000,218000,56000,14000,83000,NULL,292000,-97,204000,255000,7000,22000,272000,179000,7000,1,97000,286000,11000,80000,0,HI,1,Population total,Population total,42000,2017,2016
12,641000,159000,120000,80000,79000,118000,170000,727000,21000,79000,30000,1,Child Characteristics,101,Population totals,8000,8000,8000,27000,-97,-97,9000,77000,35000,156000,638000,9000,11000,681000,24000,683000,40875,16,12000,73000,51000,704000,178000,489000,71000,15000,231000,NULL,712000,-97,636000,654000,-97,33000,676000,549000,23000,1,30000,703000,13000,66000,0,IA,1,Population total,Population total,573000,2017,2016
13,372000,91000,73000,50000,47000,76000,102000,440000,6000,64000,-97,1,Child Characteristics,101,Population totals,-97,-97,7000,35000,-97,-97,-97,54000,29000,124000,378000,-97,7000,408000,20000,410000,33171,13,-97,65000,35000,433000,121000,254000,80000,6000,183000,NULL,434000,5000,377000,375000,-97,23000,405000,319000,6000,1,16000,426000,7000,50000,0,ID,1,Population total,Population total,331000,2017,2016
14,2424000,611000,495000,344000,306000,473000,676000,2906000,137000,457000,435000,1,Child Characteristics,101,Population totals,29000,62000,116000,387000,98000,22000,16000,771000,319000,491000,2087000,40000,48000,2550000,253000,2559000,35739,14,70000,328000,155000,2753000,1084000,1813000,717000,82000,1068000,NULL,2824000,-97,2078000,2578000,47000,299000,2751000,1822000,152000,1,120000,2795000,63000,701000,0,IL,1,Population total,Population total,1495000,2017,2016
15,1287000,335000,270000,180000,168000,266000,355000,1574000,32000,268000,169000,1,Child Characteristics,101,Population totals,13000,16000,19000,80000,16000,-97,14000,179000,84000,390000,1359000,16000,35000,1456000,62000,1460000,38307,15,23000,221000,109000,1489000,424000,925000,172000,30000,629000,NULL,1543000,-97,1353000,1353000,17000,79000,1465000,1149000,85000,1,78000,1514000,24000,156000,0,IN,1,Population total,Population total,1122000,2017,2016
16,614000,153000,117000,80000,81000,123000,157000,711000,18000,90000,41000,1,Child Characteristics,101,Population totals,11000,7000,8000,59000,8000,-97,-97,109000,52000,160000,588000,-97,15000,652000,34000,654000,43443,17,12000,93000,60000,691000,190000,444000,130000,15000,260000,NULL,696000,4000,586000,619000,9000,42000,651000,521000,20000,1,43000,684000,12000,96000,0,KS,1,Population total,Population total,476000,2017,2016
17,771000,216000,168000,117000,110000,172000,230000,1012000,16000,228000,94000,1,Child Characteristics,101,Population totals,8000,7000,12000,19000,9000,-97,-97,74000,33000,277000,904000,13000,34000,947000,20000,949000,46011,18,12000,201000,83000,965000,288000,542000,60000,16000,457000,NULL,996000,-97,901000,811000,9000,29000,929000,724000,47000,1,46000,965000,13000,62000,0,KY,1,Population total,Population total,795000,2017,2016
18,802000,240000,186000,125000,120000,179000,262000,1113000,17000,297000,410000,1,Child Characteristics,101,Population totals,24000,7000,6000,20000,8000,-97,8000,81000,36000,324000,1006000,-97,26000,1053000,23000,1055000,48579,19,13000,182000,75000,1047000,375000,568000,72000,15000,531000,NULL,1099000,6000,1005000,931000,9000,32000,1038000,739000,67000,1,42000,1075000,12000,68000,0,LA,1,Population total,Population total,566000,2017,2016
19,1190000,283000,242000,171000,149000,217000,313000,1374000,89000,174000,114000,1,Child Characteristics,101,Population totals,78000,38000,87000,-97,42000,48000,23000,393000,104000,122000,951000,71000,30000,1217000,82000,1224000,56283,22,61000,168000,70000,1275000,514000,1004000,248000,72000,360000,NULL,1302000,-97,945000,1206000,38000,120000,1304000,860000,99000,1,75000,1291000,53000,332000,0,MA,1,Population total,Population total,846000,2017,2016
20,1185000,286000,234000,150000,148000,225000,302000,1346000,77000,147000,412000,1,Child Characteristics,101,Population totals,108000,40000,35000,22000,43000,24000,11000,379000,100000,157000,940000,96000,26000,1172000,104000,1179000,53715,21,57000,173000,120000,1263000,514000,967000,200000,66000,366000,NULL,1280000,-97,935000,1173000,36000,140000,1226000,832000,83000,1,87000,1274000,46000,322000,0,MD,1,Population total,Population total,569000,2017,2016
21,217000,51000,44000,32000,29000,43000,56000,256000,-97,36000,8000,1,Child Characteristics,101,Population totals,-97,-97,7000,-98,-97,-97,-97,21000,-97,53000,230000,-97,5000,246000,-97,246000,51147,20,-97,43000,21000,246000,75000,168000,7000,-97,85000,NULL,251000,-97,229000,213000,-97,-97,234000,181000,10000,1,10000,247000,-97,17000,0,ME,1,Population total,Population total,225000,2017,2016
22,1752000,448000,383000,269000,230000,352000,497000,2179000,65000,398000,342000,1,Child Characteristics,101,Population totals,15000,26000,50000,55000,104000,6000,10000,286000,112000,513000,1844000,20000,49000,2036000,56000,2041000,58851,23,47000,325000,128000,2071000,665000,1284000,180000,58000,865000,NULL,2121000,9000,1836000,1854000,33000,89000,2050000,1514000,108000,1,119000,2079000,51000,239000,0,MI,1,Population total,Population total,1464000,2017,2016
23,1132000,276000,217000,139000,144000,223000,288000,1287000,74000,142000,117000,1,Child Characteristics,101,Population totals,-97,17000,23000,45000,18000,11000,43000,238000,93000,183000,1025000,74000,24000,1193000,49000,1198000,61419,24,31000,137000,76000,1247000,351000,915000,109000,45000,358000,NULL,1243000,18000,1016000,1150000,17000,65000,1211000,936000,40000,1,70000,1236000,27000,207000,0,MN,1,Population total,Population total,899000,2017,2016
24,1138000,292000,241000,160000,152000,226000,317000,1388000,27000,234000,181000,1,Child Characteristics,101,Population totals,9000,13000,20000,30000,14000,-97,7000,113000,45000,375000,1241000,15000,34000,1315000,28000,1315000,66555,26,14000,213000,110000,1324000,389000,814000,92000,18000,558000,NULL,1369000,6000,1237000,1175000,10000,38000,1277000,998000,63000,1,76000,1337000,17000,99000,0,MO,1,Population total,Population total,1006000,2017,2016
25,524000,145000,124000,83000,73000,122000,171000,719000,7000,191000,308000,1,Child Characteristics,101,Population totals,-97,-97,-97,13000,4000,-97,-97,32000,18000,235000,669000,-97,18000,689000,10000,690000,63987,25,-97,126000,52000,690000,219000,349000,31000,5000,365000,NULL,714000,4000,668000,593000,-97,12000,667000,500000,29000,1,17000,697000,-97,29000,0,MS,1,Population total,Population total,352000,2017,2016
26,195000,47000,40000,25000,28000,38000,51000,229000,-97,32000,-97,1,Child Characteristics,101,Population totals,-98,-97,-97,-97,-97,-97,-97,8000,-97,67000,215000,-97,6000,222000,-97,223000,69123,27,-97,35000,26000,222000,61000,139000,14000,-97,89000,NULL,227000,22000,214000,195000,-97,-97,204000,168000,8000,1,12000,222000,-97,8000,0,MT,1,Population total,Population total,179000,2017,2016
27,1812000,479000,393000,272000,238000,383000,534000,2297000,66000,466000,513000,1,Child Characteristics,101,Population totals,66000,24000,37000,184000,40000,22000,19000,429000,221000,516000,1818000,36000,50000,2030000,176000,2035000,87099,34,51000,334000,205000,2217000,728000,1278000,364000,60000,1000000,NULL,2238000,25000,1812000,1963000,37000,212000,2093000,1570000,80000,1,124000,2206000,41000,379000,0,NC,1,Population total,Population total,1204000,2017,2016
28,153000,44000,25000,17000,21000,29000,37000,172000,-97,17000,-97,1,Child Characteristics,101,Population totals,-97,-97,-97,-97,-97,-97,-97,11000,-97,30000,158000,-97,4000,165000,-97,165000,89667,35,-97,17000,19000,169000,41000,123000,9000,-97,47000,NULL,170000,16000,158000,155000,-97,-97,154000,132000,4000,1,6000,167000,-97,8000,0,ND,1,Population total,Population total,135000,2017,2016
29,401000,105000,78000,50000,50000,80000,110000,473000,13000,64000,26000,1,Child Characteristics,101,Population totals,12000,-97,-97,34000,7000,-97,-97,75000,37000,93000,389000,-97,9000,428000,26000,429000,71691,28,13000,61000,37000,460000,133000,303000,82000,15000,162000,NULL,458000,4000,387000,412000,9000,35000,436000,340000,13000,1,20000,453000,11000,63000,0,NE,1,Population total,Population total,329000,2017,2016
30,237000,53000,46000,34000,27000,40000,60000,259000,8000,20000,-97,1,Child Characteristics,101,Population totals,-97,-97,9000,-97,-97,-97,-97,28000,6000,33000,225000,-97,5000,246000,-97,246000,76827,30,-97,38000,24000,252000,88000,204000,16000,7000,53000,NULL,252000,-97,224000,221000,-97,7000,235000,172000,7000,1,10000,248000,-97,23000,0,NH,1,Population total,Population total,221000,2017,2016
31,1713000,414000,344000,236000,212000,322000,452000,1979000,185000,248000,260000,1,Child Characteristics,101,Population totals,156000,78000,95000,81000,138000,119000,8000,772000,234000,200000,1178000,99000,30000,1677000,191000,1689000,79395,31,105000,214000,72000,1802000,921000,1380000,527000,115000,582000,NULL,1864000,-97,1172000,1765000,70000,261000,1908000,1059000,178000,1,83000,1856000,94000,667000,0,NJ,1,Population total,Population total,922000,2017,2016
32,357000,101000,84000,57000,50000,84000,112000,487000,-97,127000,-97,1,Child Characteristics,101,Population totals,-97,-97,-97,76000,-97,-97,-97,98000,51000,131000,379000,-97,11000,437000,31000,439000,81963,32,11000,91000,40000,473000,163000,233000,294000,11000,251000,NULL,476000,51000,378000,396000,6000,37000,448000,324000,14000,1,13000,467000,9000,87000,0,NM,1,Population total,Population total,118000,2017,2016
33,553000,145000,116000,77000,75000,113000,154000,680000,44000,115000,67000,1,Child Characteristics,101,Population totals,30000,36000,12000,146000,8000,5000,6000,253000,121000,110000,408000,10000,19000,555000,86000,560000,74259,29,23000,91000,50000,652000,257000,379000,279000,25000,290000,NULL,654000,7000,407000,589000,14000,100000,630000,423000,28000,1,43000,643000,17000,230000,0,NV,1,Population total,Population total,240000,2017,2016
34,3317000,916000,694000,478000,460000,680000,931000,4160000,320000,789000,635000,1,Child Characteristics,101,Population totals,325000,173000,220000,127000,196000,187000,22000,1528000,580000,564000,2538000,279000,93000,3539000,377000,3569000,84531,33,208000,544000,154000,3186000,1882000,2508000,1028000,231000,1598000,NULL,3929000,8000,2525000,3616000,121000,498000,4006000,2277000,973000,1,182000,3899000,168000,1321000,0,NY,1,Population total,Population total,1988000,2017,2016
35,2094000,547000,446000,313000,276000,422000,598000,2601000,54000,477000,371000,1,Child Characteristics,101,Population totals,15000,22000,41000,26000,45000,10000,8000,210000,70000,657000,2334000,43000,58000,2481000,41000,2484000,92235,36,27000,366000,187000,2445000,769000,1553000,153000,36000,1017000,NULL,2565000,-97,2327000,2236000,19000,60000,2414000,1833000,157000,1,151000,2515000,29000,183000,0,OH,1,Population total,Population total,1870000,2017,2016
36,760000,208000,165000,103000,106000,162000,216000,961000,18000,193000,74000,1,Child Characteristics,101,Population totals,9000,6000,6000,72000,-97,-97,9000,117000,66000,274000,820000,-97,24000,878000,49000,879000,94803,37,12000,167000,86000,932000,286000,510000,162000,14000,444000,NULL,947000,83000,818000,794000,8000,57000,875000,675000,29000,1,110000,925000,11000,106000,0,OK,1,Population total,Population total,514000,2017,2016
37,735000,184000,142000,104000,93000,151000,197000,870000,35000,126000,18000,1,Child Characteristics,101,Population totals,7000,23000,28000,103000,11000,-97,12000,198000,93000,158000,648000,9000,24000,765000,69000,767000,97371,38,16000,126000,70000,845000,322000,537000,192000,19000,324000,NULL,850000,8000,645000,743000,11000,80000,799000,547000,25000,1,61000,832000,14000,183000,0,OR,1,Population total,Population total,555000,2017,2016
38,2206000,560000,461000,316000,280000,432000,613000,2663000,90000,432000,339000,1,Child Characteristics,101,Population totals,57000,37000,58000,33000,49000,22000,18000,346000,124000,556000,2261000,71000,56000,2492000,70000,2500000,99939,39,56000,404000,158000,2418000,898000,1687000,315000,69000,950000,NULL,2593000,-97,2251000,2259000,36000,106000,2505000,1764000,245000,1,124000,2552000,55000,289000,0,PA,1,Population total,Population total,1793000,2017,2016
39,174000,43000,35000,26000,24000,31000,49000,208000,8000,32000,15000,1,Child Characteristics,101,Population totals,20000,-97,12000,-97,-97,-97,-97,55000,22000,24000,148000,7000,4000,185000,11000,187000,102507,40,8000,34000,11000,198000,84000,138000,52000,10000,68000,NULL,197000,-97,147000,174000,-97,16000,196000,123000,10000,1,12000,196000,7000,47000,0,RI,1,Population total,Population total,121000,2017,2016
40,863000,231000,180000,126000,114000,186000,264000,1101000,17000,228000,329000,1,Child Characteristics,101,Population totals,19000,10000,19000,43000,7000,7000,-97,116000,58000,323000,955000,6000,30000,1015000,42000,1016000,105075,41,15000,180000,100000,1051000,351000,585000,100000,18000,506000,NULL,1082000,-97,952000,921000,12000,54000,1001000,750000,50000,1,52000,1059000,12000,101000,0,SC,1,Population total,Population total,600000,2017,2016
41,179000,49000,35000,22000,25000,36000,46000,213000,-97,32000,-97,1,Child Characteristics,101,Population totals,-97,-97,-97,-97,-97,-97,-97,12000,-97,50000,194000,-97,7000,202000,-97,202000,107643,42,-97,25000,18000,208000,53000,136000,12000,-97,75000,NULL,209000,28000,193000,188000,-97,-97,195000,161000,5000,1,10000,205000,-97,10000,0,SD,1,Population total,Population total,154000,2017,2016
42,1178000,327000,260000,172000,154000,248000,344000,1504000,29000,312000,284000,1,Child Characteristics,101,Population totals,23000,13000,17000,71000,21000,8000,7000,182000,89000,402000,1284000,21000,38000,1373000,70000,1376000,110211,43,26000,247000,131000,1450000,471000,826000,140000,32000,663000,NULL,1472000,-97,1279000,1257000,20000,90000,1373000,1034000,55000,1,65000,1443000,23000,156000,0,TN,1,Population total,Population total,985000,2017,2016
43,5778000,1597000,1217000,808000,799000,1217000,1685000,7324000,300000,1480000,841000,1,Child Characteristics,101,Population totals,258000,112000,100000,1575000,182000,58000,82000,2509000,1262000,1348000,4661000,141000,154000,5980000,938000,6011000,112779,44,290000,980000,540000,7090000,2696000,3983000,3622000,316000,3275000,NULL,7008000,15000,4650000,6344000,221000,1159000,6784000,4628000,234000,1,224000,6883000,287000,2219000,0,TX,1,Population total,Population total,2322000,2017,2016
44,60028000,15665000,12457000,8441000,7947000,12167000,16881000,73558000,3608000,12772000,9894000,1,Child Characteristics,101,Population totals,2423000,1822000,1830000,6995000,1815000,1121000,770000,18578000,7743000,13918000,53365000,1802000,1615000,64472000,5705000,64746000,115347,45,2212000,10147000,5171000,69504000,26858000,43978000,18413000,2545000,28822000,NULL,71012000,557000,53166000,63410000,1493000,7197000,68386000,46700000,4054000,1,3762000,69957000,1986000,16366000,0,US,1,Population total,Population total,37323000,2017,2016
45,818000,203000,149000,100000,99000,161000,212000,923000,24000,96000,11000,1,Child Characteristics,101,Population totals,15000,12000,21000,73000,-97,14000,-97,152000,67000,177000,757000,-97,14000,844000,53000,846000,117915,46,13000,106000,45000,906000,270000,619000,161000,16000,295000,NULL,907000,8000,756000,817000,9000,63000,878000,653000,17000,1,37000,895000,14000,139000,0,UT,1,Population total,Population total,682000,2017,2016
46,1602000,400000,312000,214000,202000,311000,426000,1865000,113000,247000,362000,1,Child Characteristics,101,Population totals,98000,55000,45000,34000,80000,42000,20000,437000,125000,286000,1390000,63000,38000,1678000,103000,1685000,123051,48,58000,229000,246000,1778000,649000,1282000,250000,67000,567000,NULL,1798000,-97,1385000,1636000,38000,142000,1619000,1216000,87000,1,137000,1774000,53000,379000,0,VA,1,Population total,Population total,1000000,2017,2016
47,107000,24000,22000,13000,13000,17000,28000,118000,-97,11000,-97,1,Child Characteristics,101,Population totals,-98,-97,5000,-97,-97,-97,-97,9000,-97,26000,108000,-97,-97,115000,-97,115000,120483,47,-97,17000,8000,115000,44000,80000,-97,-97,37000,NULL,116000,-97,107000,101000,-97,-97,110000,74000,-97,1,-97,115000,-97,8000,0,VT,1,Population total,Population total,105000,2017,2016
48,1412000,357000,264000,178000,183000,287000,366000,1635000,123000,207000,60000,1,Child Characteristics,101,Population totals,17000,74000,82000,176000,44000,12000,32000,472000,170000,234000,1130000,34000,34000,1411000,141000,1418000,125619,49,62000,220000,165000,1597000,620000,1084000,345000,70000,535000,NULL,1566000,21000,1125000,1415000,42000,183000,1471000,1015000,39000,1,158000,1549000,53000,410000,0,WA,1,Population total,Population total,929000,2017,2016
49,1110000,265000,214000,147000,141000,210000,305000,1281000,45000,160000,106000,1,Child Characteristics,101,Population totals,-97,12000,18000,56000,19000,-97,19000,142000,58000,269000,1120000,9000,20000,1204000,43000,1207000,130755,51,18000,137000,86000,1234000,369000,856000,148000,25000,414000,NULL,1256000,11000,1113000,1145000,11000,54000,1195000,913000,47000,1,59000,1247000,14000,124000,0,WI,1,Population total,Population total,911000,2017,2016
50,286000,80000,62000,45000,40000,64000,84000,375000,-97,85000,16000,1,Child Characteristics,101,Population totals,-97,-97,-97,-97,-97,-97,-97,10000,-97,115000,353000,-97,12000,360000,-97,360000,128187,50,-97,81000,32000,357000,98000,196000,9000,-97,175000,NULL,373000,-97,352000,293000,-97,-97,343000,277000,17000,1,17000,361000,-97,9000,0,WV,1,Population total,Population total,330000,2017,2016
51,122000,30000,22000,14000,15000,25000,33000,139000,-97,16000,-97,1,Child Characteristics,101,Population totals,-97,-97,-97,-97,-97,-97,-97,12000,-97,31000,124000,-97,-97,132000,-97,132000,133323,52,-97,19000,15000,136000,38000,92000,20000,-97,46000,NULL,138000,5000,124000,120000,-97,-97,124000,101000,-97,1,-97,136000,-97,11000,0,WY,1,Population total,Population total,107000,2017,2016
